{
  "linguistic": {
    "complexity_statistics": {
      "readability_flesch_reading_ease": {
        "count": 43.0,
        "mean": 75.48943968822574,
        "std": 3.956446963973116,
        "min": 64.14231818181823,
        "25%": 73.24267274596312,
        "50%": 76.51186192226437,
        "75%": 77.82026667695915,
        "max": 82.49505250253254
      },
      "readability_flesch_kincaid_grade": {
        "count": 43.0,
        "mean": 5.766296162064531,
        "std": 0.8546532290321679,
        "min": 4.123013414374483,
        "25%": 5.322571125441224,
        "50%": 5.576259931566433,
        "75%": 6.288329257597653,
        "max": 8.060474025974024
      },
      "readability_gunning_fog": {
        "count": 43.0,
        "mean": 7.8648765615935865,
        "std": 0.9766862829783824,
        "min": 5.875721079086095,
        "25%": 7.220491001918123,
        "50%": 7.757414569219495,
        "75%": 8.282658495229068,
        "max": 10.731255411255413
      },
      "readability_smog_index": {
        "count": 43.0,
        "mean": 9.183602607424852,
        "std": 0.7542352866163239,
        "min": 7.608471657324768,
        "25%": 8.737880513852737,
        "50%": 9.122685957420869,
        "75%": 9.59287476091701,
        "max": 11.491704259439755
      },
      "readability_coleman_liau_index": {
        "count": 43.0,
        "mean": 6.398920283947362,
        "std": 0.7911058161697427,
        "min": 4.657709251101327,
        "25%": 5.988724338740237,
        "50%": 6.295742717806775,
        "75%": 6.749440750897108,
        "max": 8.557575757575762
      },
      "readability_automated_readability_index": {
        "count": 43.0,
        "mean": 5.425121511815191,
        "std": 1.0992767623360127,
        "min": 2.9135811005473933,
        "25%": 4.731230059509532,
        "50%": 5.372708521597509,
        "75%": 6.0204717096017095,
        "max": 8.193764515257904
      }
    },
    "sentence_length": {
      "mean": 11.036127696331839,
      "std": 1.4709859813390316,
      "min": 8.653374233128835,
      "max": 15.114285714285714,
      "median": 10.89605734767025
    },
    "lexical_diversity": {
      "mean": 0.16105635748783897,
      "std": 0.056181398084173766,
      "min": 0.0881037461249023,
      "max": 0.4482758620689655
    },
    "vocabulary_richness": {
      "total_unique_words": 